Title,Price,Shipping,Total Price,Condition,Date Sold,URL
LEGO BRICKHEADZ: Aragorn & Arwen (40632),42.51,36.17,78.68,Brandneu,2025-01-06,https://www.ebay.de/itm/196889292941?_skw=LEGO+40632&epid=5058428511&itmmeta=01JH01NQV33MBJM77WGN77F1VH&hash=item2dd784308d%3Ag%3AZWUAAOSwxN9nWfH9&itmprp=enc%3AAQAJAAAA4HoV3kP08IDx%2BKZ9MfhVJKluOGslPlVqxazF1yh8d25N8RyngHLbICpraILO6ud3AHUHeXUpJg0Cdz1A1BVMgcFzBMv1xKlwC4xO3GohGWpTRG77zaVSGQ0gERc8M0OHjJ8js4kKc8%2FpD8TyWRpTPG3tCpyU1h7kKSx2m1LUXDURWV19M3RqG5CeSCV8hVMXfSSD%2BgaBMG1n6AhrlWTsmCyvu1EVbRPH5zB211w0Jxyvq8Q6mrPIRiy0kkeEnCV7aQOG55hIhdFUDpMQGewwD4uoOlziLonyx%2FyStVIyRagY%7Ctkp%3ABk9SR9D91oGIZQ&LH_ItemCondition=1000%7C1500%7C2000%7C2500%7C3000
LEGO Brick Headz Der Herr der Ringe: Aragorn und Arwen (40632) NEU VERSIEGELT,41.92,35.71,77.63,Brandneu,2025-01-06,https://www.ebay.de/itm/365313277082?_skw=LEGO+40632&epid=5058428511&itmmeta=01JH01NQV3TJ90CYTAY56SSNGT&hash=item550e5e3c9a%3Ag%3ABjkAAOSwwDdnTJ22&itmprp=enc%3AAQAJAAAA4HoV3kP08IDx%2BKZ9MfhVJKn51FjRc1nUwoYSBGsFMNW7dC4ZcoQMVew4PNj1nKM2cpczCA7LOLeFL6gVmFkrF4pih4asX0FHc7jKLCr3G1ruEk5HlhL%2F2RYgsgicW4B13ygjvuAMC6lIFR9de%2FavInE64lwldEXmDUyoxPUTk2kRb2k6--VLZ%2F6eneXcOTzCM1E41uRFjVN%2B77Sz235hlvJyunMmmC5VVA%2BpYt1C03Wo4okfcc5%2BTF4w9sHtYAqHfS5Lfymi%2F7olUtmJqGUnWCipieQQ8GzOBS6PBZoYgGno%7Ctkp%3ABk9SR9D91oGIZQ&LH_ItemCondition=1000%7C1500%7C2000%7C2500%7C3000
LEGO BRICKHEADZ: Aragorn & Arwen (40632),52.41,42.79,95.19999999999999,Brandneu,2025-01-04,https://www.ebay.de/itm/156549328426?_skw=LEGO+40632&epid=5058428511&itmmeta=01JH01NQV3K8QNVM30RJXBQMN0&hash=item2473112e2a%3Ag%3Ap6IAAOSwHH9nSQ-g&itmprp=enc%3AAQAJAAAAwHoV3kP08IDx%2BKZ9MfhVJKmbl1%2FjaPOYsZdMFb24h1MGrIQ%2BxNdzW0lkn6NbxwyKvNHiFsE39xgGjwI7rHErJIHfhrZKDb4Uevil3YiRbfEGNXCz2wXVbPkPSJBLFkxC1hzSqFDhnoKFGzAsZP6NzzRnoiY7Jh7gz1CrtoekGc4SjtjsT63XdSmeDigDNzWEjW31L%2FV3tpM9NAJpQs1m4g8VuE%2BU10DntRcjxm1wzow1M4hmw0w8Ai0%2BioX3DYlL6Q%3D%3D%7Ctkp%3ABk9SR9L91oGIZQ&LH_ItemCondition=1000%7C1500%7C2000%7C2500%7C3000
LEGO Brickheadz Der Herr der Ringe Aragorn & Arwen 40632 NEU VERSIEGELTE VERPACKUNG NSB,55.78,34.17,89.95,Brandneu,2025-01-03,https://www.ebay.de/itm/275697160590?_skw=LEGO+40632&epid=5058428511&itmmeta=01JH01NQV3S5XV1NF5RYQAA8H5&hash=item4030d4d18e%3Ag%3A2-kAAOSwVeNnEpkU&itmprp=enc%3AAQAJAAAA4HoV3kP08IDx%2BKZ9MfhVJKkjiufbvdLj5H%2BhG68jRLOb1131Pb1MqqwolUiDcw05lOE3UdAygD40Ho3u%2Fcz83Sx54NPNnu%2FNKA6HszHui4aUsdxxi4T%2BcKHCD8If4qPpj5rr4s4M6JjNNXLQczVYo6XLyFL2Urdghw43gJ46zUkdOdqd7N%2Bl4O6wjWqFSkKoWZWAaf%2F%2BuAYhu1nlRs1kljSQgwrXTNyPixgsHzpj70aG0NsTUDrNpdRrvkO8IXKUkgwIOBD6ns9w%2F2WWQ2K9sTjg%2BYARx%2FSHvVrsdlk2J90y%7Ctkp%3ABk9SR9L91oGIZQ&LH_ItemCondition=1000%7C1500%7C2000%7C2500%7C3000
LEGO BRICKHEADZ: Aragorn & Arwen (40632),39.6,37.09,76.69,Brandneu,2025-01-02,https://www.ebay.de/itm/256727886585?_skw=LEGO+40632&epid=5058428511&itmmeta=01JH01NQV3XNE5W1HTQSN4FY77&hash=item3bc62caaf9%3Ag%3ALs8AAOSw2WBnHCKu&itmprp=enc%3AAQAJAAAA4HoV3kP08IDx%2BKZ9MfhVJKmZOxmP77zdUIgUmha9vO68sLTBL8m7xPd1Gx67J41lKI3mYK41IXFNO9naUNkzwSW5HSbaPEnyzUQJVJw7o1BXQZ7HH1wg4%2Fdp%2BzU3O5ajYQ6bVthhc7agCKhbJcnz8qLR%2Fs7TiS3XXedQchNZ2xXvS4FoNbl1eKm9AkpiHB8A5%2FTqXn%2FtErX2w2vhpWOROVBfJmko9uKGEapg1nAMhCS8TWcv2URc65ZzLO%2F9CgDuxbtfbqxACmVTjSjH%2BhVxk6cbPfKPyEaE8rjg5nFH6X5H%7Ctkp%3ABk9SR9L91oGIZQ&LH_ItemCondition=1000%7C1500%7C2000%7C2500%7C3000
LEGO Brick Headz Der Herr der Ringe: Aragorn und Arwen (40632),22.12,35.57,57.69,Gebraucht,2025-01-02,https://www.ebay.de/itm/405450391191?_skw=LEGO+40632&epid=5058428511&itmmeta=01JH01NQV3SBHN3R3N46BDNK9N&hash=item5e66b9fe97%3Ag%3AuQQAAOSwnIJnbgBv&itmprp=enc%3AAQAJAAAA0HoV3kP08IDx%2BKZ9MfhVJKkg6S3iBq3HljgcFRAXUhUG7wi%2BZ0xeQliHtrfkC2ktHfDmGeByohv71y8HmhmFz5x7PuTrnSUKq2ARZOh1JSq5HQt4yez7Pah9JlR3p0zu8nrZZkEiIUXM0hKLRiChsb1pfgNbGXLEsrLIbjc1QJfxn38kqN6%2Ba9t624nYXV58ca0nPLzv11xoug2rOPcs9%2FGxPlvsJujIibvqKd%2Biu3dbCuo7gZNC2q2luye8aj3BefK3xCGUj022%2FvC4QWohbYo%3D%7Ctkp%3ABk9SR9L91oGIZQ&LH_ItemCondition=1000%7C1500%7C2000%7C2500%7C3000
NEU LEGO BRICKHEADZ: Aragorn & Arwen (40632),40.76,36.06,76.82,Brandneu,2025-01-01,https://www.ebay.de/itm/286169031839?_skw=LEGO+40632&epid=5058428511&itmmeta=01JH01NQV3TRM3RXSQY9Q8YMTJ&hash=item42a100e49f%3Ag%3AqogAAOSwnX1nOsa8&itmprp=enc%3AAQAJAAAAwHoV3kP08IDx%2BKZ9MfhVJKmgca0JY8Srqms8ZBwqCHx7znHCYZkKU3Pgyi2HVYmT1w%2FYqhiYMpy%2FZKlye3nuqs%2BIqz33tHZ7zsuXM%2FPxUAAYbUysmaV0X16YmGsOEyxTIbgIBvZHrNQ71q42WTTfgtfh4qWPfxs1ZXsXVtZg1kV1lECaLmkqO1N%2FRNQ3xK9B8Eg89T0%2BAtotDmnghz2qu3Y5Pz2RLoVHEjEJk%2BuonJg1%2FWIvIBs3N5SoHSM2ZZ0sTQ%3D%3D%7Ctkp%3ABk9SR9L91oGIZQ&LH_ItemCondition=1000%7C1500%7C2000%7C2500%7C3000
Neu versiegelt LEGO 40632 Herr der Ringe Brickheadz Aragorn & Arwen,46.57,36.98,83.55,Brandneu,2025-01-01,https://www.ebay.de/itm/276664206777?_skw=LEGO+40632&epid=5058428511&itmmeta=01JH01NQV3472VYZ1FWHMPFMQ1&hash=item406a78c5b9%3Ag%3AzicAAOSwo4Bm-rXy&itmprp=enc%3AAQAJAAAA0HoV3kP08IDx%2BKZ9MfhVJKnHFODzwPfcIg0LcvW2HaoND6rcgexxEqiFTkoUWDohTivrqGnNHZlWLJLAJRzu6XpLtofkSqSl87clRhm%2F35cLGBfTfVSF2x1rSEmqLBQyWZBVM3uFib5BBdEOtd%2F7OxyX9rSYjLKlVt30orNK9RNsJY5C6crXLl87gOpERnZeMr6e6pTM758q2%2BI6o0lRW7vBjheDe8dQPXXjolmSo9BdKb1JSo31kG6gMb41ychjYX6iZwxIjYd4kmWXkXNVEC8%3D%7Ctkp%3ABk9SR9L91oGIZQ&LH_ItemCondition=1000%7C1500%7C2000%7C2500%7C3000
LEGO Brickheadz Der Herr der Ringe Aragorn & Arwen 40632 NEU VERSIEGELTE VERPACKUNG NSB,39.6,51.46,91.06,Brandneu,2024-12-31,https://www.ebay.de/itm/305958104048?_skw=LEGO+40632&epid=5058428511&itmmeta=01JH01NQV3ZHYPV9Q0XM7T1ACM&hash=item473c862bf0%3Ag%3AxQoAAOSw3rlnU3OI&itmprp=enc%3AAQAJAAAAwHoV3kP08IDx%2BKZ9MfhVJKki4jrn6gmEtsCrH0X%2FvsGIjh%2BKrRwLfRZ76ybTZdGEM0mejPvDhhuQ64J%2BVnhEffqOfxr7InamwPAL%2FLJEIDtCGrXdtKaOyc0Fec%2BRsPB4mol7S6I420ZedXjN4CkH7fPEX1wOu8eClaZO76MfsSU54QCVtXc1mfQHV6NNCYKb4cjoZqjcT5vYT5zSPj7jUCkpfb2prvV4zXeAYkpq3O4c%2FBivODNztft6x7HsZe6K0Q%3D%3D%7Ctkp%3ABk9SR9L91oGIZQ&LH_ItemCondition=1000%7C1500%7C2000%7C2500%7C3000
LEGO BRICKHEADZ: Aragorn & Arwen (40632),46.57,26.9,73.47,Brandneu,2024-12-31,https://www.ebay.de/itm/226516442509?_skw=LEGO+40632&epid=5058428511&itmmeta=01JH01NQV3SVPJ6W6P12F8VYES&hash=item34bd6e9d8d%3Ag%3AmUsAAOSwCRtnby-l&itmprp=enc%3AAQAJAAAA8HoV3kP08IDx%2BKZ9MfhVJKm8%2BhOqortI0BkUJTIdc7rLi2o4R2FJ7UE4Rapq%2BBCYM4il9yAS60a4UeSi5x252xOS7ideDMa4HRAfGnIK7tUhvQ6kC1ttkyGFGanP8xw9%2FDh%2Fp1QWiuR8KH5U0a3rPbms7pJ3Un5CgP1PvTLe3D65Cg4Yd3zhco2EaLHfOQnzEnUGbHCf5qxpM3cI5f2V1o06X1iRoI8ppsLmcHMznhGTC%2FohZ4rSqpv0fx26ujo289T5MbQbh95hvfjuADULRk66wOcYD30HFfbdOlz6Nw9PAsryhT3klmp64cCSSMwXoA%3D%3D%7Ctkp%3ABk9SR9L91oGIZQ&LH_ItemCondition=1000%7C1500%7C2000%7C2500%7C3000
LEGO BrickHeadz 40632 | Aragorn & Arwen | Der Herr der Ringe | Neu und versiegelt,46.53,26.9,73.43,Brandneu,2024-12-28,https://www.ebay.de/itm/356413475145?_skw=LEGO+40632&epid=5058428511&itmmeta=01JH01NQV3SM8FHM96D82PXNZY&hash=item52fbe60949%3Ag%3AfgMAAOSwWDhnbzJL&itmprp=enc%3AAQAJAAAA0HoV3kP08IDx%2BKZ9MfhVJKkgHKGVt0oVDJ8lxV2Y77GI5z1L66BCe2xQBX%2BxLskaUvozN0cJi5auuxKfFBhWvOL%2B8F6Vn1D2ne%2B9bBI25hDVSuK03XL6Sh5%2FikZ%2BJ96%2B1iWyvenMp4xyHmfsJj9AUyyuEtLw0G7M0vG%2FEOoXozrt4mCsGHLbY7UaZ1x0ngdpDxcL%2FDjavU%2FEXntSMa34A3IxhXHgOKMm4QpwulK6ICwW%2FC6vG%2BMN%2BjDYO6wVwWXE%2Fcse6RgD9qqLYe5lHBEjotM%3D%7Ctkp%3ABk9SR9L91oGIZQ&LH_ItemCondition=1000%7C1500%7C2000%7C2500%7C3000
LEGO BrickHeadz 40632 | Aragorn & Arwen | Der Herr der Ringe,42.45,34.31,76.76,Brandneu,2024-12-28,https://www.ebay.de/itm/395987950594?_skw=LEGO+40632&epid=5058428511&itmmeta=01JH01NQV305CZZ43C9D4FHKB4&hash=item5c32b89c02%3Ag%3AiX0AAOSwqOpnVwve&itmprp=enc%3AAQAJAAAA8HoV3kP08IDx%2BKZ9MfhVJKlljX1j7kBgIHkRqW83C8bR1wQsDnd0bgV2uTCFR1W870GlzNPWjdwhAAMuF1ppHoJxLfHvnCu1fcOBm1pA6CCn2NXS%2FRubllK3nRsuV%2FNoRh7ccFKZIvzjg57yQJQUmvIHhPMDghbHbI2aNSaj8nrzm50RywywtXFdwW2ipOVu2oXLa%2FlWsL3Rd22w5Kqrai1YaoK%2FsunZDAjSt3ADhrSVGLaY19gcB9hpHBY3%2F8swRXWedIUreOOewqvEgICDFsepkLZmcKnjuJDw5b2wq7Ta5kJkUhezgbxQjyNi%2FM4Ifg%3D%3D%7Ctkp%3ABk9SR9T91oGIZQ&LH_ItemCondition=1000%7C1500%7C2000%7C2500%7C3000
LEGO BrickHeadz 40632 | Aragorn & Arwen | Der Herr der Ringe | Neu und versiegelt,48.85,26.97,75.82,Brandneu,2024-12-27,https://www.ebay.de/itm/167200218692?_skw=LEGO+40632&epid=5058428511&itmmeta=01JH01NQV4ESY7YYQXTW313EDY&hash=item26ede8de44%3Ag%3ALl4AAOSwzqpm8WER&itmprp=enc%3AAQAJAAAA0HoV3kP08IDx%2BKZ9MfhVJKnBfzN%2BXyQKttogyss4fk%2B1P8e96Q25z2iu7I5d%2FPTf%2FjPzkCggQofWt7RVFylPD9d91TPiB6XnbpEyzFnrGK0f%2FPP1WB%2FlxUszgWKYXDzJG4%2BmOdln%2FUwDYS001o9I2SLmf5mswdQjdfHfr7ULyd37NLidUx8UbvKgt6TKHc7qhu0pu7Br%2BPwiLpWQCJcCHn8%2BIjACmxNISSB06E%2FCqulP3zQZJSurRaZfrH4E5%2BZhnsz94dwSewHKPT6InZdB9GQ%3D%7Ctkp%3ABk9SR9T91oGIZQ&LH_ItemCondition=1000%7C1500%7C2000%7C2500%7C3000
LEGO BRICKHEADZ: Aragorn & Arwen (40632) - Schneller Versand!,43.08,33.77,76.85,Brandneu,2024-12-27,https://www.ebay.de/itm/256711242058?_skw=LEGO+40632&epid=5058428511&itmmeta=01JH01NQV4GY612XK396R9QS7T&hash=item3bc52eb14a%3Ag%3AU6IAAOSw0zlmzNvV&itmprp=enc%3AAQAJAAAA0HoV3kP08IDx%2BKZ9MfhVJKmVuEKJ%2FoNWwmOfGB3L6ZMZBpOZHv5ConmJ6osmfZ6QPuE207UwSv7FzvHeelBcPVN1abXR%2BsVfMb3N6POdJgFsrcYbBu70PXv0Z99vnBAqnUbZYZ1nQVj2uKv%2Ftw8Iy%2F0ShYtzRMGmaodCNb08OEMU6VNkqgMF%2FCoJ8o%2Baq44XrVBrrYtYf7y11Zhunlk7Po%2BEucTyfT%2B2MoJQehny009BW4psZK8oH3w9kcOl7NC9KN7stGP18akSqwtRXFdj4CA%3D%7Ctkp%3ABk9SR9T91oGIZQ&LH_ItemCondition=1000%7C1500%7C2000%7C2500%7C3000
LEGO BrickHeadz Aragorn & Arwen (40632) Neu & Fabrikversiegelt,46.53,26.9,73.43,Brandneu,2024-12-26,https://www.ebay.de/itm/256758555806?_skw=LEGO+40632&epid=5058428511&itmmeta=01JH01NQV4MRRMYSTJP5Q10132&hash=item3bc800a49e%3Ag%3AxQYAAOSwvxhnZ1a1&itmprp=enc%3AAQAJAAAA8HoV3kP08IDx%2BKZ9MfhVJKn22YVslMt0jzM7%2Bxw4hrofrxgTXAGfnf5JkM302MJokG2aKL43xl9AxNN%2B2iCkFPJDEPB5FKmD5Xaq%2FYvwvGXBLJTdIqO1k8EK%2Btgc8lcZ5snorYNHSG2%2FroW%2BXEPQz9F%2BsRDcpudQNZaFuM5IMlC4GJpo5hc83u5OQMmr59Ab4L0fyvGWfE%2BPmF466CYLbZwjAuZlGhxVaLeszBe9isiFvnfQe82e3jL8HR7s9Sza50mNIYbMt9dBNScW01gEJ3MgVuYLfunNoLTmdFP1%2FX6X%2FBYojMF%2FQHl3rSKXkjzUPQ%3D%3D%7Ctkp%3ABk9SR9T91oGIZQ&LH_ItemCondition=1000%7C1500%7C2000%7C2500%7C3000
LEGO BRICKHEADZ: Aragorn & Arwen (40632),44.55,79.79,124.34,Brandneu,2024-12-19,https://www.ebay.de/itm/226492701491?_skw=LEGO+40632&epid=5058428511&itmmeta=01JH01NQV4FPMF2PVAEK8GSBSS&hash=item34bc045b33%3Ag%3AGowAAOSwqPJnOOJC&itmprp=enc%3AAQAJAAAA0HoV3kP08IDx%2BKZ9MfhVJKko0ZNT%2FgMIiSQUwSUc6jCtgaT5TACR2VLUMmYicfYxvWVmcP%2BDh6I0BDc%2BIqer0uKof%2Bd%2B2dXJxCzSS%2Be3aWxJO8c7gCW%2BWcR1HYSv%2ByceBga9Bs8a3Co167oEzevgdCr76MKniYrDF5PxaGv4NWSQKOG1KzhWBqUWOrEQqImYPKQP3G9MxZUNznA5bsZRkfKAuDLawjoSeZQ17q2mIPU%2FCbyUOFCvo9lJnu%2BwbzWEGa7Zml9vf84Ly9kG7VyWr0Q%3D%7Ctkp%3ABk9SR9T91oGIZQ&LH_ItemCondition=1000%7C1500%7C2000%7C2500%7C3000
LEGO Herr der Ringe Brickheadz 40632: Aragorn & Arwen; NEU & versiegelt,47.71,51.3,99.00999999999999,Brandneu,2024-12-19,https://www.ebay.de/itm/196708636994?_skw=LEGO+40632&epid=5058428511&itmmeta=01JH01NQV4NW4X88F3KHRJGW5J&hash=item2dccbf9942%3Ag%3AfhQAAOSwSK1nBgKz&itmprp=enc%3AAQAJAAAA8HoV3kP08IDx%2BKZ9MfhVJKnyz0p4n8M4a%2FfJJRY6rATCuOVwe0Ii5qdjHGZgcW0zYC8ko9FgSrhhAPY9gUiSFd%2BvYkIR6MxqH932h8r%2BJMKMm17zYBdVGjzdkP5n4D8w9shmpmTBTS%2ByrBm3ndMpy2cSjOgc%2BeebZ9N%2BVr4PlYT23DLMFV%2BLAxMw4PSM1s6QdzDiknNBiB%2FcgV0Xx2FWJ4sx19jDtLL1%2FT2QC4t9b6LuaX6aNzo58sAVyosrBThhmxDANiVqLG7twkcJ%2BrfCXtDlFskMxGv4BImkGh%2BlYfhao7YC79a%2BQ716trB74F7Q7w%3D%3D%7Ctkp%3ABk9SR9T91oGIZQ&LH_ItemCondition=1000%7C1500%7C2000%7C2500%7C3000
Nicht mehr im Handel erh√§ltlich versiegeltes LEGO Set #40632 Aragorn & Arwen Brickheadz,38.42,34.12,72.53999999999999,Brandneu,2024-12-18,https://www.ebay.de/itm/405422126827?_skw=LEGO+40632&epid=5058428511&itmmeta=01JH01NQV4FKRN6GA605AZ38T7&hash=item5e650ab6eb%3Ag%3AsJYAAOSwn8lnXx5e&itmprp=enc%3AAQAJAAAA0HoV3kP08IDx%2BKZ9MfhVJKnbOdDoHeuxMaf%2Brx4i27%2Fu1af4iDNAZNqwnRZ46Lz1OMr4MD37yVonUjiRzqtaygcdbxOfPGg8RG9BvzCmY5onCW6MXH2IJdNZtLFTq4g%2BHB7oY2qnS9J%2Bum%2BPHBgb2sZbkXfFOCYguezNnDLEL06v3lgi6BJN9nXZP2aFNFfogONAqnMnUtKEy6PK67FpM65oc%2F4fxtI%2F431FwuNWr%2Bu5teLOJicQHVT0htgcWoSGGHP9bwDS8pff0wvkpTVi48k%3D%7Ctkp%3ABk9SR9T91oGIZQ&LH_ItemCondition=1000%7C1500%7C2000%7C2500%7C3000
LEGO BrickHeadz 40632 | Aragorn & Arwen | Der Herr der Ringe | Neu und versiegelt,46.53,26.9,73.43,Brandneu,2024-12-18,https://www.ebay.de/itm/167180616950?_skw=LEGO+40632&epid=5058428511&itmmeta=01JH01NQV4DD97PM47G6N6H33J&hash=item26ecbdc4f6%3Ag%3ALl4AAOSwzqpm8WER&itmprp=enc%3AAQAJAAAA0HoV3kP08IDx%2BKZ9MfhVJKnEgH6tLjLJmGzkbcuJF0%2F9oef3ypvVBYrhffpq0XjgpVxecnZgDtclwdrjxSZYXqqgh5lukhVuZdOiWNY0bf8KS2ILZXrD7165y9ZDwzFt9kWdDkSUxYNRawhO5R8lmFpz6BhC76zlOMaoXX5caODplgB%2FPiQH6u5GJzepQiAo52HtO%2FBPPh3uHapsfujlOGj3k7FUue%2BPlwxpBK3NbHHYmzfmkRevu3aiOpWMduZ1n59XSVgi1Uw8YFTh%2Fg12mKA%3D%7Ctkp%3ABk9SR9T91oGIZQ&LH_ItemCondition=1000%7C1500%7C2000%7C2500%7C3000
LEGO Herr der Ringe BRICKHEADZ: Aragorn & Arwen (40632),45.3,26.87,72.17,Brandneu,2024-12-18,https://www.ebay.de/itm/156469912713?_skw=LEGO+40632&epid=5058428511&itmmeta=01JH01NQV430E0R3131FXP2GD3&hash=item246e556489%3Ag%3ApsEAAOSwu5RnFofu&itmprp=enc%3AAQAJAAAA4HoV3kP08IDx%2BKZ9MfhVJKmTukxNnKF1mH4cZhashN9MKrwNCDZ5ImCm0NtMquKxPh%2B7%2BYNZyYEc4%2Bi%2FZbCmeLZpsJvtlnZ2mtIh8F8lf5URfeB3dXbBJzDYJbX256d4B8A3HUGxGDTEC52HI2bmC8rTsnB6gGVQqtFvIJ21Rx6812WiN91fdE0hselIVxnLOUOHw9%2FsMRoVesr%2BrfNGF4IxwdGqrqVk4EOvKw3FS6b0mtOrFFM8YtpVuFod%2Fugn8vK2L5iZ8Dl1PKz6EQXCjFwpzC14fw4g%2BqeIL3m5V5gP%7Ctkp%3ABk9SR9T91oGIZQ&LH_ItemCondition=1000%7C1500%7C2000%7C2500%7C3000
LEGO BrickHeadz 40632 | Aragorn & Arwen | Der Herr der Ringe | Neu und versiegelt,58.23,35.57,93.8,Brandneu,2024-12-17,https://www.ebay.de/itm/235866309147?_skw=LEGO+40632&epid=5058428511&itmmeta=01JH01NQV46B35PA1AQ332BRZX&hash=item36eaba421b%3Ag%3AZpIAAOSwhyFnWOdv&itmprp=enc%3AAQAJAAAAwHoV3kP08IDx%2BKZ9MfhVJKkiaBaVamoklvS6SQUTaz2mh%2BCuYFWNlt8erNvsyzi19BsD%2FVJA%2FzpgL6CC2G6YvzirwM4Ixh99qAeBp9n8wCGFCINshgxGsDnL9OFsVkQt96naT2q5jq7ZHVqJjVpF2hZXZqNg1B7eYpyA%2FPFj4rRrZd5%2BpDRPKTWSWTHFjtLK0iMxlTn0fuKxs2uZkO55BiclWp7A8Z51jf%2Fbqkh8WxVtUDtrfOR1ELb0din0QNuaDQ%3D%3D%7Ctkp%3ABk9SR9T91oGIZQ&LH_ItemCondition=1000%7C1500%7C2000%7C2500%7C3000
LEGO Brick Headz Der Herr der Ringe: Aragorn und Arwen (40632) NEU VERSIEGELT,38.43,35.59,74.02000000000001,Brandneu,2024-12-16,https://www.ebay.de/itm/365275901080?_skw=LEGO+40632&epid=5058428511&itmmeta=01JH01NQV4RH10YV0Z2SKCT1VD&hash=item550c23ec98%3Ag%3ABjkAAOSwwDdnTJ22&itmprp=enc%3AAQAJAAAA4HoV3kP08IDx%2BKZ9MfhVJKnf2dhrL8o4ABB1eVUcHyirKJqZsXfHMA96ZbEuxoQ%2BfMhZfGClE1Al0HP2eyE%2F3e5%2BDBtG%2BcoGaopIoj9AsD0%2F0w7S1XGydN2iDBuol3qAc8xgLdLvq9yfDcyQc0KCjS6E%2BCSQOE5DQWCwlJ%2B2ozZgBGfEYpmOpc0ysl4w5dhzU8DMv%2FHkno9xlHfshh0YHIfSxxqaXhp0biru4PLnYqNGuLd2wSoVhuUPuboSnUDugGPQfvzRr4UiKXAUXB9QYtv7IAoQOCVM3cXfioSZRJS0%7Ctkp%3ABk9SR9b91oGIZQ&LH_ItemCondition=1000%7C1500%7C2000%7C2500%7C3000
LEGO BRICKHEADZ: Aragorn & Arwen (40632) Herr der Ringe Set,40.76,32.49,73.25,Brandneu,2024-12-16,https://www.ebay.de/itm/394893043932?_skw=LEGO+40632&epid=5058428511&itmmeta=01JH01NQV4QHPJQ4DKQ8Z70NSQ&hash=item5bf175a8dc%3Ag%3Ax3QAAOSwTnllDE1m&itmprp=enc%3AAQAJAAAA4HoV3kP08IDx%2BKZ9MfhVJKm2hGy9DL%2F8n6QCb8JlSZlKke36SxAptmguUZD6yEAcbbQbAMFuUcCUr1L%2Fj%2BqVavur3Vl2jDmd%2BLU6B%2BBlP8Fo%2FW0T6GW0uPnnMOjhoVYqfjB1W%2BIRxY8KLAKrMP5v%2BqkU09%2BC4657Fa8pWoE%2FHqu35oQyxZNMvvlWKcdloKH0FrEgPTZZy50vNZLc1DcaRONwYNpLO6IfepxJZtZadYdJ%2B4Jfw3h3sEKtZ54r0IDT4yMHfjLOtejwpiVfH8SY1bZc%2BmLxtxlIjquptML8Vvrm%7Ctkp%3ABk9SR9b91oGIZQ&LH_ItemCondition=1000%7C1500%7C2000%7C2500%7C3000
LEGO Herr der Ringe Brickheadz 40632 Aragorn & Arwen NEU! EINIGE REGALWAREN!,40.75,39.62,80.37,Neu (Sonstige),2024-12-15,https://www.ebay.de/itm/405279241139?_skw=LEGO+40632&epid=5058428511&itmmeta=01JH01NQV4ZFAD1B51JT0XDTW1&hash=item5e5c8673b3%3Ag%3ANJwAAOSwRj1nCUcj&itmprp=enc%3AAQAJAAAA8HoV3kP08IDx%2BKZ9MfhVJKli%2BdIc7b8dVrqtMFsHhe08fX6SE6mod8c0I87logzCvskBQoMX4a2Z7%2FQap4dFI0cLyKT5RaEkZxKMVPM9CMc1EgDAeF0UzWMFgxOYzwrgsd46Ud5u00hX%2BVimpCQKgmvwWGqB0X%2FrR1aiXJxTMkoFCPM36N%2FDfgHC0XoXhPt9taxh7Ft9cikM2W9cjvVX5BcsCAVLMvRo8PuOQAY91GbowX6eXD%2BlGL9SSmIDUmQLmuB25HgB5WOmfyLER0idXctP5aNUcZvXG1WfSj5RMB0Czpy36j43BqXtgk8SBTZzzw%3D%3D%7Ctkp%3ABk9SR9b91oGIZQ&LH_ItemCondition=1000%7C1500%7C2000%7C2500%7C3000
Neu Lego Brickheadz Der Herr der Ringe Aragorn & Arwen Set 40632 - KOSTENLOSER Versand,46.58,19.79,66.37,Brandneu,2024-12-15,https://www.ebay.de/itm/226474491367?_skw=LEGO+40632&epid=5058428511&itmmeta=01JH01NQV4PW78B6MD2VS4J3Y8&hash=item34baee7de7%3Ag%3Ar5YAAOSwexVnS17X&itmprp=enc%3AAQAJAAAA4HoV3kP08IDx%2BKZ9MfhVJKkjmLASVJHu7NngV51m4WilAfHwwfS6YINsVpw5t5cBWjBwQ1SF85x%2BJ1s980pErmlgtgPMbM5jVcH0BV23S%2B%2FpcqI0ErqqWFcLixwotLjLj4RKci23ciaY%2BgutFvKpefD1l5KzlI%2Fy%2BKbqJ%2BqGJQpE0VkEhaNZWxXeicOE%2B3HgIYddBKbxvLEwZUDIz6zlJzprpmk6%2FJBFsJ%2F43Y%2B%2BylV6puEk%2FASxJKlBQMtfSvHiR6l%2Byi2Spo1WnD2%2Fp8OVhI8hWzuWUaFdCwxZiavlr9%2F%2B%7Ctkp%3ABk9SR9b91oGIZQ&LH_ItemCondition=1000%7C1500%7C2000%7C2500%7C3000
LEGO Brick Headz Der Herr der Ringe: Aragorn und Arwen (40632) NEU VERSIEGELT,45.3,26.87,72.17,Brandneu,2024-12-14,https://www.ebay.de/itm/186839384438?_skw=LEGO+40632&epid=5058428511&itmmeta=01JH01NQV4AFG9Y242A66VDP2M&hash=item2b807ec176%3Ag%3AOJcAAOSwdj5nWxFT&itmprp=enc%3AAQAJAAAAwHoV3kP08IDx%2BKZ9MfhVJKkyZbOaZg9eoK%2BSEKtPDGNVcWtGFjk8ooX7GQR4Zc198G60wKLeuIL4chuvx6USYVAxjxhNeG9C4wGqLfSrE8CFtcuMJjEWHpY62j3IG04YWXADSlQ5monuBrz1SzKydvRBR16ofWPkouFxawLqkqeh0ob6NV4%2BauQliCbWitr7J%2FlnXSRO93%2FwjxuGRkvjpUyctT0NhgEbbBHzYyzKa42Sv%2B8uvUHQTCPKLcGTvvFOMg%3D%3D%7Ctkp%3ABk9SR9b91oGIZQ&LH_ItemCondition=1000%7C1500%7C2000%7C2500%7C3000
LEGO BrickHeadz 40632 | Aragorn & Arwen | Der Herr der Ringe | Neu und versiegelt,45.36,26.87,72.23,Brandneu,2024-12-13,https://www.ebay.de/itm/166986829768?_skw=LEGO+40632&epid=5058428511&itmmeta=01JH01NQV4CN1Z8Q4J63E1WBRP&hash=item26e130cfc8%3Ag%3ALl4AAOSwzqpm8WER&itmprp=enc%3AAQAJAAAA0HoV3kP08IDx%2BKZ9MfhVJKnr3Hv490anX4Zjpz81nRiXDox9bqb--fooQDpkzsWj4wk1AesUucUDSa2zSTaLOJW1j%2BJ2k4r%2FBEXK1zd8sWmI1TrTa3e9KMQdU4SwI6z9X6lL0YulMh6Z3ghIeFe2%2B0q4uUy%2BYUDR7HvPtUnDyKY2EOxQ58wCojL8%2FKK6BhQT4%2B7zEPZ5c6%2BtuV0sDE2N%2F085YFX8FlXQDAsMuYoP3QynImHn7SSyyUiyr7lvfB%2FB%2BW--Sp8GjWP0UrXTaTTylW4%3D%7Ctkp%3ABk9SR9b91oGIZQ&LH_ItemCondition=1000%7C1500%7C2000%7C2500%7C3000
LEGO Brick Headz Der Herr der Ringe: Aragorn und Arwen (40632) NEU VERSIEGELT,32.03,35.38,67.41,Brandneu,2024-12-09,https://www.ebay.de/itm/365262352770?_skw=LEGO+40632&epid=5058428511&itmmeta=01JH01NQV5PWSRP2GZFCHHSCEQ&hash=item550b553182%3Ag%3ABjkAAOSwwDdnTJ22&itmprp=enc%3AAQAJAAAA4HoV3kP08IDx%2BKZ9MfhVJKn342LKDPrAhTcCIV%2F7tMMHO2%2BckeIqiuhkntjIMLFwhFqzJHQODARXKulkjMbHcVLvDWgVDuJXE7guqZ%2B6dFUIpfNReQICgo5aiuauoPUnOl5T5NTS1nhYrlwaxKdwqEw5chrD5gPA1W09srmupHMGfMkpH43EGrQ10m5a2tDSJcWR9DDUd8iqfnr%2BGNOZ6vJdXVx7oezp5MJfmNbaQHHAyNS6L6XRehIx5qvwu52gxQUQHIH8rERnUUFFkRv5jJ%2BNbiJwB9Z2XWtdo%2FIH0oFH%7Ctkp%3ABk9SR9b91oGIZQ&LH_ItemCondition=1000%7C1500%7C2000%7C2500%7C3000
